{
  "table_of_contents": [
    {
      "title": "3GPP TSG-RAN WG1 Meeting #107-e R1-2112947\nElectronic Meeting, November 11\nth \u2013 19\nth\n, 2021",
      "heading_level": null,
      "page_id": 0,
      "polygon": [
        [
          55.583984375,
          72.15380859375
        ],
        [
          538.7339477539062,
          72.15380859375
        ],
        [
          538.7339477539062,
          100.5400390625
        ],
        [
          55.583984375,
          100.5400390625
        ]
      ]
    },
    {
      "title": "<omitted text>",
      "heading_level": null,
      "page_id": 1,
      "polygon": [
        [
          268.1300048828125,
          71.9482421875
        ],
        [
          327.4900207519531,
          71.9482421875
        ],
        [
          327.4900207519531,
          82.231201171875
        ],
        [
          268.1300048828125,
          82.231201171875
        ]
      ]
    },
    {
      "title": "5.1.3 Modulation order, target code rate, redundancy version and \ntransport block size determination",
      "heading_level": null,
      "page_id": 1,
      "polygon": [
        [
          56.3115234375,
          93.166748046875
        ],
        [
          485.59197998046875,
          93.166748046875
        ],
        [
          485.59197998046875,
          123.648193359375
        ],
        [
          56.3115234375,
          123.648193359375
        ]
      ]
    },
    {
      "title": "5.1.3.1 Modulation order and target code rate determination",
      "heading_level": null,
      "page_id": 3,
      "polygon": [
        [
          56.0205078125,
          71.33154296875
        ],
        [
          406.83984375,
          71.33154296875
        ],
        [
          406.83984375,
          84.796142578125
        ],
        [
          56.0205078125,
          84.796142578125
        ]
      ]
    },
    {
      "title": "else",
      "heading_level": null,
      "page_id": 4,
      "polygon": [
        [
          56.420654296875,
          462.5244140625
        ],
        [
          74.099853515625,
          462.5244140625
        ],
        [
          74.099853515625,
          473.2138671875
        ],
        [
          56.420654296875,
          473.2138671875
        ]
      ]
    },
    {
      "title": "end",
      "heading_level": null,
      "page_id": 4,
      "polygon": [
        [
          56.347900390625,
          515.1012573242188
        ],
        [
          72.135498046875,
          515.1012573242188
        ],
        [
          72.135498046875,
          526.6611328125
        ],
        [
          56.347900390625,
          526.6611328125
        ]
      ]
    },
    {
      "title": "Table 5.1.3.1-3: MCS index table 3 for PDSCH",
      "heading_level": null,
      "page_id": 7,
      "polygon": [
        [
          189.0146484375,
          70.7662353515625
        ],
        [
          406.83984375,
          70.7662353515625
        ],
        [
          406.83984375,
          82.41339111328125
        ],
        [
          189.0146484375,
          82.41339111328125
        ]
      ]
    },
    {
      "title": "5.1.3.2 Transport block size determination",
      "heading_level": null,
      "page_id": 8,
      "polygon": [
        [
          56.775001525878906,
          503.9101257324219
        ],
        [
          311.96875,
          503.9101257324219
        ],
        [
          311.96875,
          516.3828125
        ],
        [
          56.775001525878906,
          516.3828125
        ]
      ]
    },
    {
      "title": "5.1.6.3 PT-RS reception procedure",
      "heading_level": null,
      "page_id": 12,
      "polygon": [
        [
          56.166015625,
          70.7662353515625
        ],
        [
          273.9079895019531,
          70.7662353515625
        ],
        [
          273.9079895019531,
          85.3614501953125
        ],
        [
          56.166015625,
          85.3614501953125
        ]
      ]
    },
    {
      "title": "Table 5.1.6.3-2: Frequency density of PT-RS as a function of scheduled bandwidth",
      "heading_level": null,
      "page_id": 13,
      "polygon": [
        [
          103.05000305175781,
          71.2801513671875
        ],
        [
          492.3699645996094,
          71.2801513671875
        ],
        [
          492.3699645996094,
          84.0252685546875
        ],
        [
          103.05000305175781,
          84.0252685546875
        ]
      ]
    },
    {
      "title": "5.2.2 Channel state information",
      "heading_level": null,
      "page_id": 14,
      "polygon": [
        [
          56.166015625,
          70.6634521484375
        ],
        [
          274.71875,
          70.6634521484375
        ],
        [
          274.71875,
          87.4171142578125
        ],
        [
          56.166015625,
          87.4171142578125
        ]
      ]
    },
    {
      "title": "5.2.2.1 Channel quality indicator (CQI)",
      "heading_level": null,
      "page_id": 14,
      "polygon": [
        [
          55.875,
          95.896728515625
        ],
        [
          295.24798583984375,
          95.896728515625
        ],
        [
          295.24798583984375,
          110.38916015625
        ],
        [
          55.875,
          110.38916015625
        ]
      ]
    },
    {
      "title": "Table 5.2.2.1-1: Mapping sub-band differential CQI value to offset level",
      "heading_level": null,
      "page_id": 14,
      "polygon": [
        [
          131.0500030517578,
          606.4208984375
        ],
        [
          468.244140625,
          606.4208984375
        ],
        [
          468.244140625,
          618.7548828125
        ],
        [
          131.0500030517578,
          618.7548828125
        ]
      ]
    },
    {
      "title": "Table 5.2.2.1-2: 4-bit CQI Table",
      "heading_level": null,
      "page_id": 15,
      "polygon": [
        [
          225.35000610351562,
          138.34619140625
        ],
        [
          372.791015625,
          138.34619140625
        ],
        [
          372.791015625,
          149.2412109375
        ],
        [
          225.35000610351562,
          149.2412109375
        ]
      ]
    },
    {
      "title": "Table 5.2.2.1-3: 4-bit CQI Table 2",
      "heading_level": null,
      "page_id": 15,
      "polygon": [
        [
          221.10000610351562,
          373.51416015625
        ],
        [
          378.611328125,
          373.51416015625
        ],
        [
          378.611328125,
          385.25341796875
        ],
        [
          221.10000610351562,
          385.25341796875
        ]
      ]
    },
    {
      "title": "Table 5.2.2.1-4: 4-bit CQI Table 3",
      "heading_level": null,
      "page_id": 16,
      "polygon": [
        [
          221.10000610351562,
          71.023193359375
        ],
        [
          375.9921875,
          71.023193359375
        ],
        [
          375.9921875,
          82.41339111328125
        ],
        [
          221.10000610351562,
          82.41339111328125
        ]
      ]
    },
    {
      "title": "Table 5.2.2.1-5: 4-bit CQI Table 4",
      "heading_level": null,
      "page_id": 16,
      "polygon": [
        [
          221.10000610351562,
          310.19970703125
        ],
        [
          375.701171875,
          310.19970703125
        ],
        [
          375.701171875,
          321.73345947265625
        ],
        [
          221.10000610351562,
          321.73345947265625
        ]
      ]
    }
  ],
  "page_stats": [
    {
      "page_id": 0,
      "text_extraction_method": "pdftext",
      "block_counts": [
        [
          "Span",
          205
        ],
        [
          "Line",
          48
        ],
        [
          "SectionHeader",
          1
        ],
        [
          "Text",
          1
        ],
        [
          "Form",
          1
        ]
      ],
      "block_metadata": {
        "llm_request_count": 0,
        "llm_error_count": 0,
        "llm_tokens_used": 0
      }
    },
    {
      "page_id": 1,
      "text_extraction_method": "pdftext",
      "block_counts": [
        [
          "Span",
          274
        ],
        [
          "Line",
          66
        ],
        [
          "ListItem",
          19
        ],
        [
          "Text",
          4
        ],
        [
          "SectionHeader",
          2
        ],
        [
          "ListGroup",
          2
        ],
        [
          "TextInlineMath",
          1
        ],
        [
          "Equation",
          1
        ]
      ],
      "block_metadata": {
        "llm_request_count": 0,
        "llm_error_count": 0,
        "llm_tokens_used": 0
      }
    },
    {
      "page_id": 2,
      "text_extraction_method": "pdftext",
      "block_counts": [
        [
          "Span",
          319
        ],
        [
          "Line",
          67
        ],
        [
          "ListItem",
          17
        ],
        [
          "Text",
          4
        ],
        [
          "Equation",
          2
        ],
        [
          "ListGroup",
          2
        ],
        [
          "TextInlineMath",
          1
        ]
      ],
      "block_metadata": {
        "llm_request_count": 0,
        "llm_error_count": 0,
        "llm_tokens_used": 0
      }
    },
    {
      "page_id": 3,
      "text_extraction_method": "pdftext",
      "block_counts": [
        [
          "Span",
          266
        ],
        [
          "Line",
          44
        ],
        [
          "ListItem",
          11
        ],
        [
          "Text",
          10
        ],
        [
          "SectionHeader",
          1
        ],
        [
          "ListGroup",
          1
        ]
      ],
      "block_metadata": {
        "llm_request_count": 0,
        "llm_error_count": 0,
        "llm_tokens_used": 0
      }
    },
    {
      "page_id": 4,
      "text_extraction_method": "pdftext",
      "block_counts": [
        [
          "Span",
          207
        ],
        [
          "Line",
          33
        ],
        [
          "ListItem",
          12
        ],
        [
          "Text",
          5
        ],
        [
          "ListGroup",
          4
        ],
        [
          "SectionHeader",
          2
        ]
      ],
      "block_metadata": {
        "llm_request_count": 0,
        "llm_error_count": 0,
        "llm_tokens_used": 0
      }
    },
    {
      "page_id": 5,
      "text_extraction_method": "pdftext",
      "block_counts": [
        [
          "Span",
          272
        ],
        [
          "Line",
          39
        ],
        [
          "Table",
          1
        ],
        [
          "Caption",
          1
        ],
        [
          "TableGroup",
          1
        ]
      ],
      "block_metadata": {
        "llm_request_count": 0,
        "llm_error_count": 0,
        "llm_tokens_used": 0
      }
    },
    {
      "page_id": 6,
      "text_extraction_method": "pdftext",
      "block_counts": [
        [
          "Span",
          267
        ],
        [
          "Line",
          39
        ],
        [
          "Table",
          1
        ],
        [
          "Caption",
          1
        ],
        [
          "TableGroup",
          1
        ]
      ],
      "block_metadata": {
        "llm_request_count": 0,
        "llm_error_count": 0,
        "llm_tokens_used": 0
      }
    },
    {
      "page_id": 7,
      "text_extraction_method": "pdftext",
      "block_counts": [
        [
          "Span",
          272
        ],
        [
          "Line",
          39
        ],
        [
          "Table",
          1
        ],
        [
          "SectionHeader",
          1
        ]
      ],
      "block_metadata": {
        "llm_request_count": 0,
        "llm_error_count": 0,
        "llm_tokens_used": 0
      }
    },
    {
      "page_id": 8,
      "text_extraction_method": "pdftext",
      "block_counts": [
        [
          "Span",
          456
        ],
        [
          "Line",
          145
        ],
        [
          "Text",
          3
        ],
        [
          "TextInlineMath",
          2
        ],
        [
          "ListItem",
          2
        ],
        [
          "Table",
          1
        ],
        [
          "Caption",
          1
        ],
        [
          "SectionHeader",
          1
        ],
        [
          "Equation",
          1
        ],
        [
          "TableGroup",
          1
        ],
        [
          "ListGroup",
          1
        ]
      ],
      "block_metadata": {
        "llm_request_count": 0,
        "llm_error_count": 0,
        "llm_tokens_used": 0
      }
    },
    {
      "page_id": 9,
      "text_extraction_method": "pdftext",
      "block_counts": [
        [
          "Span",
          230
        ],
        [
          "Line",
          176
        ],
        [
          "Text",
          6
        ],
        [
          "ListItem",
          5
        ],
        [
          "TextInlineMath",
          2
        ],
        [
          "ListGroup",
          2
        ]
      ],
      "block_metadata": {
        "llm_request_count": 0,
        "llm_error_count": 0,
        "llm_tokens_used": 0
      }
    },
    {
      "page_id": 10,
      "text_extraction_method": "pdftext",
      "block_counts": [
        [
          "Span",
          678
        ],
        [
          "Line",
          331
        ],
        [
          "Text",
          7
        ],
        [
          "ListItem",
          4
        ],
        [
          "Equation",
          4
        ],
        [
          "Table",
          1
        ],
        [
          "Caption",
          1
        ],
        [
          "TableGroup",
          1
        ],
        [
          "ListGroup",
          1
        ]
      ],
      "block_metadata": {
        "llm_request_count": 0,
        "llm_error_count": 0,
        "llm_tokens_used": 0
      }
    },
    {
      "page_id": 11,
      "text_extraction_method": "pdftext",
      "block_counts": [
        [
          "Span",
          331
        ],
        [
          "Line",
          163
        ],
        [
          "Text",
          12
        ],
        [
          "TextInlineMath",
          4
        ],
        [
          "ListItem",
          3
        ],
        [
          "Caption",
          1
        ],
        [
          "Table",
          1
        ],
        [
          "TableGroup",
          1
        ]
      ],
      "block_metadata": {
        "llm_request_count": 0,
        "llm_error_count": 0,
        "llm_tokens_used": 0
      }
    },
    {
      "page_id": 12,
      "text_extraction_method": "pdftext",
      "block_counts": [
        [
          "Span",
          249
        ],
        [
          "Line",
          58
        ],
        [
          "ListItem",
          11
        ],
        [
          "Text",
          3
        ],
        [
          "Table",
          2
        ],
        [
          "SectionHeader",
          1
        ],
        [
          "ListGroup",
          1
        ]
      ],
      "block_metadata": {
        "llm_request_count": 0,
        "llm_error_count": 0,
        "llm_tokens_used": 0
      }
    },
    {
      "page_id": 13,
      "text_extraction_method": "pdftext",
      "block_counts": [
        [
          "Span",
          297
        ],
        [
          "Line",
          59
        ],
        [
          "Text",
          11
        ],
        [
          "SectionHeader",
          1
        ],
        [
          "Table",
          1
        ],
        [
          "PageFooter",
          1
        ]
      ],
      "block_metadata": {
        "llm_request_count": 0,
        "llm_error_count": 0,
        "llm_tokens_used": 0
      }
    },
    {
      "page_id": 14,
      "text_extraction_method": "pdftext",
      "block_counts": [
        [
          "Span",
          222
        ],
        [
          "Line",
          45
        ],
        [
          "Text",
          9
        ],
        [
          "ListItem",
          6
        ],
        [
          "SectionHeader",
          3
        ],
        [
          "ListGroup",
          2
        ],
        [
          "Table",
          1
        ]
      ],
      "block_metadata": {
        "llm_request_count": 0,
        "llm_error_count": 0,
        "llm_tokens_used": 0
      }
    },
    {
      "page_id": 15,
      "text_extraction_method": "pdftext",
      "block_counts": [
        [
          "Span",
          221
        ],
        [
          "Line",
          41
        ],
        [
          "Table",
          2
        ],
        [
          "SectionHeader",
          2
        ],
        [
          "ListItem",
          1
        ]
      ],
      "block_metadata": {
        "llm_request_count": 0,
        "llm_error_count": 0,
        "llm_tokens_used": 0
      }
    },
    {
      "page_id": 16,
      "text_extraction_method": "pdftext",
      "block_counts": [
        [
          "Span",
          269
        ],
        [
          "Line",
          37
        ],
        [
          "Table",
          2
        ],
        [
          "SectionHeader",
          2
        ],
        [
          "Text",
          1
        ]
      ],
      "block_metadata": {
        "llm_request_count": 0,
        "llm_error_count": 0,
        "llm_tokens_used": 0
      }
    }
  ],
  "debug_data_path": "debug_data/R1-2112947-accepted-all-changes"
}